Name,Sex,Event,Equipment,Age,AgeClass,BirthYearClass,Division,BodyweightKg,WeightClassKg,Squat1Kg,Squat2Kg,Squat3Kg,Squat4Kg,Best3SquatKg,Bench1Kg,Bench2Kg,Bench3Kg,Bench4Kg,Best3BenchKg,Deadlift1Kg,Deadlift2Kg,Deadlift3Kg,Deadlift4Kg,Best3DeadliftKg,TotalKg,Place,Dots,Wilks,Glossbrenner,Goodlift,Tested,Country,State,Federation,ParentFederation,Date,MeetCountry,MeetState,MeetTown,MeetName,Sanctioned
Monique Boddie,F,SBD,Raw,40,40-44,40-49,Open,116.8,84+,185,192.5,200,,200,130,-135,135,,135,220,230,-235,,230,565,7,456.92,454.02,385.30,97.31,Yes,US Virgin Islands,,IPF,IPF,2022-06-06,South Africa,,Sun City,World Classic Powerlifting Championships,Yes
Corinna Senn,F,SBD,Raw,33,24-34,24-39,Open,79.7,84,155,-162.5,-162.5,,155,-87.5,-87.5,-87.5,,,155,-172.5,-172.5,,155,,DQ,,,,,Yes,US Virgin Islands,,IPF,IPF,2022-06-06,South Africa,,Sun City,World Classic Powerlifting Championships,Yes
Dayna McNeal,F,SBD,Raw,37,35-39,24-39,Open,74.45,76,177.5,187.5,195,,195,87.5,92.5,95,,95,230,242.5,-252.5,,242.5,532.5,4,520.67,508.57,447.48,106.03,Yes,USA,,IPF,IPF,2022-06-06,South Africa,,Sun City,World Classic Powerlifting Championships,Yes
Kimberley Beyl,F,SBD,Raw,28.5,24-34,24-39,Open,68.2,69,125,135,142.5,,142.5,72.5,75,-77.5,,75,160,175,-180,,175,392.5,18,402.82,397.66,350.72,81.85,Yes,South Africa,,IPF,IPF,2022-06-06,South Africa,,Sun City,World Classic Powerlifting Championships,Yes
Jonna Alanko,F,SBD,Raw,35.5,35-39,24-39,Open,62.55,63,145,152.5,-157.5,,152.5,80,-85,-85,,80,165,175,-182.5,,175,407.5,13,440.19,440.02,388.58,89.57,Yes,Finland,,IPF,IPF,2022-06-06,South Africa,,Sun City,World Classic Powerlifting Championships,Yes
Matt Bekker,M,SBD,Raw,27.5,24-34,24-39,Open,141.95,120+,270,285,-300,,285,182.5,192.5,-200,,192.5,290,310,322.5,,322.5,800,9,436.73,446.13,423.61,86.73,Yes,South Africa,,IPF,IPF,2022-06-06,South Africa,,Sun City,World Classic Powerlifting Championships,Yes
Kaylon Godoy,M,SBD,Raw,28,24-34,24-39,Open,119.65,120,-320,-320,320,,320,215,-220,-220,,215,325,-340,-340,,325,860,8,494.38,494.77,474.11,100.10,Yes,Belize,,IPF,IPF,2022-06-06,South Africa,,Sun City,World Classic Powerlifting Championships,Yes
Bernard Douglas,M,SBD,Raw,36,35-39,24-39,Open,96,105,202.5,-215,-215,,202.5,142.5,-147.5,147.5,,147.5,252.5,265,272.5,,272.5,622.5,19,390.20,385.41,368.46,80.19,Yes,US Virgin Islands,,IPF,IPF,2022-06-06,South Africa,,Sun City,World Classic Powerlifting Championships,Yes
Hironori Kurihara,M,SBD,Raw,36.5,35-39,24-39,Open,104.5,105,270,290,-315,,290,177.5,187.5,-195,,187.5,260,275,-300,,275,752.5,16,454.71,450.42,430.09,93.11,Yes,Japan,,IPF,IPF,2022-06-06,South Africa,,Sun City,World Classic Powerlifting Championships,Yes
Ntuli Nkosinathi,M,SBD,Raw,24.5,24-34,24-39,Open,92.45,93,240,-250,-250,,240,140,145,147.5,,147.5,270,290,-300,,290,677.5,24,432.30,426.81,408.59,88.89,Yes,South Africa,,IPF,IPF,2022-06-06,South Africa,,Sun City,World Classic Powerlifting Championships,Yes
Chance Mitchell #1,M,SBD,Raw,27,24-34,24-39,Open,92.1,93,-290,305,315,,315,175,185,190,,190,-352.5,373.5,-383.5,,373.5,878.5,1,561.58,554.44,530.86,115.47,Yes,USA,,IPF,IPF,2022-06-06,South Africa,,Sun City,World Classic Powerlifting Championships,Yes
Arno Nieuwenhuizen,M,SBD,Raw,22.5,20-23,19-23,Open,82.5,83,215,-225,,,215,120,-125,,,120,275,-300,,,275,610,22,413.21,408.64,393.19,84.70,Yes,South Africa,,IPF,IPF,2022-06-06,South Africa,,Sun City,World Classic Powerlifting Championships,Yes
Francois Chikukwa,M,SBD,Raw,25.5,24-34,24-39,Open,78.8,83,220,-222.5,-222.5,,220,-140,140,145,,145,240,250,260,,260,625,21,434.86,430.82,415.39,88.83,Yes,Zimbabwe,,IPF,IPF,2022-06-06,South Africa,,Sun City,World Classic Powerlifting Championships,Yes
Chelan Carr,M,SBD,Raw,28,24-34,24-39,Open,82.3,83,207.5,-215,215,,215,145,-150,155,,155,270,-282.5,282.5,,282.5,652.5,19,442.61,437.75,421.25,90.71,Yes,US Virgin Islands,,IPF,IPF,2022-06-06,South Africa,,Sun City,World Classic Powerlifting Championships,Yes
Khalleefah Salim,M,SBD,Raw,30.5,24-34,24-39,Open,81.55,83,-227.5,227.5,-242.5,,227.5,160,172.5,175,,175,-270,270,-302.5,,270,672.5,18,458.57,453.68,436.76,93.93,Yes,Libya,,IPF,IPF,2022-06-06,South Africa,,Sun City,World Classic Powerlifting Championships,Yes
Delaney Wallace,M,SBD,Raw,27,24-34,24-39,Open,82.4,83,282.5,295,-302.5,,295,180,187.5,192.5,,192.5,302.5,315,-322.5,,315,802.5,1,543.98,537.99,517.68,111.50,Yes,USA,,IPF,IPF,2022-06-06,South Africa,,Sun City,World Classic Powerlifting Championships,Yes
Michael Karuma Junior,M,SBD,Raw,24.5,24-34,24-39,Open,68.55,74,180,200,-202.5,,200,140,145,-150,,145,250,255,260,,260,605,14,461.17,460.79,446.97,92.44,Yes,Zimbabwe,,IPF,IPF,2022-06-06,South Africa,,Sun City,World Classic Powerlifting Championships,Yes
Adnan Rajab Tlooba,M,SBD,Raw,28.5,24-34,24-39,Open,65.8,66,180,205,-212.5,,205,100,112.5,-115,,112.5,250,-272.5,-272.5,,250,567.5,14,445.65,446.71,434.14,88.61,Yes,Libya,,IPF,IPF,2022-06-06,South Africa,,Sun City,World Classic Powerlifting Championships,Yes
Marnix Musundire,M,SBD,Raw,22.5,20-23,19-23,Open,64.8,66,-200,200,215,,215,-117.5,117.5,120,,120,230,235,240,,240,575,13,456.76,458.42,445.85,90.51,Yes,Zimbabwe,,IPF,IPF,2022-06-06,South Africa,,Sun City,World Classic Powerlifting Championships,Yes
Joseph Jordan #2,M,SBD,Raw,33,24-34,24-39,Open,65.8,66,232.5,245,-250,,245,155,-160,-160,,155,270,285,-297.5,,285,685,4,537.93,539.21,524.03,106.95,Yes,US Virgin Islands,,IPF,IPF,2022-06-06,South Africa,,Sun City,World Classic Powerlifting Championships,Yes
Jonathan Garcia #1,M,SBD,Raw,33,24-34,24-39,Open,65.75,66,252.5,263.5,271,,271,-165,170,-175,,170,235,247.5,255,,255,696,2,546.87,548.21,532.79,108.71,Yes,USA,,IPF,IPF,2022-06-06,South Africa,,Sun City,World Classic Powerlifting Championships,Yes
Chandler Babb,F,SBD,Raw,29,24-34,24-39,Open,68.25,69,175,187.5,192.5,,192.5,102.5,107.5,-112.5,,107.5,230,235,-242.5,,235,535,1,548.83,541.75,477.80,111.52,Yes,US Virgin Islands,,IPF,IPF,2022-06-06,South Africa,,Sun City,World Classic Powerlifting Championships,Yes
Deshawn Larrimore,F,SBD,Raw,31,24-34,24-39,Open,61.3,63,127.5,132.5,-140,,132.5,67.5,70,-72.5,,70,170,-175,-175,,170,372.5,17,407.43,408.48,360.82,82.98,Yes,US Virgin Islands,,IPF,IPF,2022-06-06,South Africa,,Sun City,World Classic Powerlifting Championships,Yes
Priscilla Delmoral,F,SBD,Raw,23,20-23,24-39,Open,55.45,57,125,130,-135,,130,67.5,72.5,77.5,,77.5,125,130,-135,,130,337.5,14,393.78,400.19,354.06,80.85,Yes,US Virgin Islands,,IPF,IPF,2022-06-06,South Africa,,Sun City,World Classic Powerlifting Championships,Yes
Jesus Olivares,M,SBD,Raw,23.5,24-34,24-39,Open,174.7,120+,410,-430,-440,,410,235,250,260,,260,352.5,-380,-380,,352.5,1022.5,1,528.40,552.94,517.18,102.81,Yes,USA,,IPF,IPF,2022-06-06,South Africa,,Sun City,World Classic Powerlifting Championships,Yes
Akeame Jones,M,SBD,Raw,32.5,24-34,24-39,Open,83,83,227.5,240,252.5,,252.5,160,167.5,175,,175,257.5,260,282.5,,282.5,710,14,479.31,473.92,455.88,98.28,Yes,US Virgin Islands,,IPF,IPF,2022-06-06,South Africa,,Sun City,World Classic Powerlifting Championships,Yes
Garmez Parks,M,SBD,Raw,56.5,55-59,50-59,Open,110.85,120,215,220,230,,230,152.5,160,-162.5,,160,242.5,255,262.5,,262.5,652.5,14,385.34,383.10,366.23,78.58,Yes,US Virgin Islands,,IPF,IPF,2022-06-06,South Africa,,Sun City,World Classic Powerlifting Championships,Yes
Gavin Adin,M,SBD,Raw,23.5,24-34,24-39,Open,92.4,93,305,320,-331.5,,320,200,210,-215,,210,305,-320,335,,335,865,4,552.08,545.07,521.82,113.52,Yes,US Virgin Islands,,IPF,IPF,2022-06-06,South Africa,,Sun City,World Classic Powerlifting Championships,Yes
Amanda Lawrence #1,F,SBD,Raw,25,24-34,24-39,Open,83.3,84,225,235,242.5,,242.5,120,-127.5,-127.5,,120,237.5,252.5,-263,,252.5,615,1,568.16,550.74,481.76,116.53,Yes,USA,,IPF,IPF,2022-06-06,South Africa,,Sun City,World Classic Powerlifting Championships,Yes
Kristen Dunsmore,F,SBD,Raw,32.5,24-34,24-39,Open,68.8,69,135,-145,-145,,135,102.5,107.5,110,,110,195,-202.5,,,195,440,12,449.32,443.03,390.67,91.30,Yes,USA,,IPF,IPF,2022-06-06,South Africa,,Sun City,World Classic Powerlifting Championships,Yes
Kyota Ushiyama,M,SBD,Raw,24.5,24-34,24-39,Open,65.45,66,215,227.5,232.5,,232.5,165,-170,170,,170,270,282.5,-295,,282.5,685,3,540.07,541.59,526.48,107.25,Yes,Japan,,IPF,IPF,2022-06-06,South Africa,,Sun City,World Classic Powerlifting Championships,Yes
Michael Davis #1,M,SBD,Raw,26,24-34,24-39,Open,104.2,105,307.5,320,330,,330,205,215,220,,220,345,-360,360,,360,910,2,550.52,545.25,520.64,112.75,Yes,USA,,IPF,IPF,2022-06-06,South Africa,,Sun City,World Classic Powerlifting Championships,Yes
Chelsea Savit,F,SBD,Raw,30.5,24-34,24-39,Open,68.55,69,165,175,-180,,175,112.5,117.5,122.5,,122.5,187.5,197.5,-207.5,,197.5,495,5,506.53,499.69,440.67,102.93,Yes,USA,,IPF,IPF,2022-06-06,South Africa,,Sun City,World Classic Powerlifting Championships,Yes
Taylor Atwood,M,SBD,Raw,33.5,24-34,24-39,Open,73.55,74,245,262.5,277.5,,277.5,182.5,192.5,197.5,,197.5,277.5,297.5,315,,315,790,1,573.96,570.73,551.92,116.35,Yes,USA,,IPF,IPF,2022-06-06,South Africa,,Sun City,World Classic Powerlifting Championships,Yes
Marisa Inda,F,SBD,Raw,45,45-49,40-49,Open,51.8,52,130,135,140,,140,-95,95,-100,,95,165,-172.5,-172.5,,165,400,6,488.87,500.14,443.40,101.34,Yes,USA,,IPF,IPF,2022-06-06,South Africa,,Sun City,World Classic Powerlifting Championships,Yes
Takaharu Ebihara,M,SBD,Raw,41.5,40-44,40-49,Open,58.7,59,180,182.5,200,,200,130,135,-140,,135,210,220,-235,,220,555,2,477.04,483.01,472.25,92.09,Yes,Japan,,IPF,IPF,2022-06-06,South Africa,,Sun City,World Classic Powerlifting Championships,Yes
Bonica Brown,F,SBD,Raw,33,24-34,24-39,Open,135.75,84+,255,267.5,273.5,,273.5,142.5,150,152.5,,152.5,227.5,242.5,-247.5,,242.5,668.5,1,521.20,522.81,440.61,112.61,Yes,USA,,IPF,IPF,2022-06-06,South Africa,,Sun City,World Classic Powerlifting Championships,Yes
David Ricks,M,SBD,Raw,62,60-64,60-69,Open,92.05,93,282.5,305,-331.5,,305,180,192.5,202.5,,202.5,265,-290,-290,,265,772.5,14,493.95,487.67,466.94,101.57,Yes,US Virgin Islands,,IPF,IPF,2022-06-06,South Africa,,Sun City,World Classic Powerlifting Championships,Yes
Enrique Lugo,M,SBD,Raw,25,24-34,24-39,Open,119.8,120,-320,327.5,340,,340,220,230,-240,,230,320,340,-352.5,,340,910,2,522.91,523.38,501.53,105.86,Yes,USA,,IPF,IPF,2022-06-06,South Africa,,Sun City,World Classic Powerlifting Championships,Yes
Amy-Lee Owen,F,SBD,Raw,26,24-34,24-39,Open,62.6,63,137.5,-145,145,,145,92.5,95,-97.5,,95,150,160,-165,,160,400,14,431.88,431.66,381.20,87.87,Yes,New Zealand,,IPF,IPF,2022-06-06,South Africa,,Sun City,World Classic Powerlifting Championships,Yes
Heather Connor,F,SBD,Raw,31,24-34,24-39,Open,46.6,47,132.5,140,-142.5,,140,65,70,72.5,,72.5,-185,185,-193,,185,397.5,2,524.26,537.89,479.82,111.13,Yes,USA,,IPF,IPF,2022-06-06,South Africa,,Sun City,World Classic Powerlifting Championships,Yes
Andrea Salaris,M,SBD,Raw,28.5,24-34,24-39,Open,65.7,66,210,220,225,,225,125,130,132.5,,132.5,220,230,-237.5,,230,587.5,12,461.88,463.04,450.04,91.80,Yes,Italy,,IPF,IPF,2022-06-06,South Africa,,Sun City,World Classic Powerlifting Championships,Yes
Virginia Forcellese,F,SBD,Raw,24.5,24-34,24-39,Open,67.4,69,165,172.5,-180,,172.5,92.5,95,97.5,,97.5,195,205,215,,215,485,6,501.14,495.53,437.14,101.82,Yes,Italy,,IPF,IPF,2022-06-06,South Africa,,Sun City,World Classic Powerlifting Championships,Yes
Lucie Stefaniková,F,SBD,Raw,26.5,24-34,24-39,Open,75.75,76,195,-207.5,207.5,,207.5,95,97.5,100,,100,205,-212.5,-212.5,,205,512.5,8,496.56,484.20,425.76,101.20,Yes,Iceland,,IPF,IPF,2022-06-06,South Africa,,Sun City,World Classic Powerlifting Championships,Yes
Olivier Vervalle,M,SBD,Raw,25,24-34,24-39,Open,118.8,120,307.5,322.5,330,,330,200,210,215,,215,-320,335,-345,,335,880,5,507.09,507.13,485.90,102.75,Yes,Belgium,,IPF,IPF,2022-06-06,South Africa,,Sun City,World Classic Powerlifting Championships,Yes
Trygve Sletten,M,SBD,Raw,28.5,24-34,24-39,Open,82.7,83,255,-265,-265,,255,160,167.5,-170,,167.5,300,-315,-315,,300,722.5,12,488.75,483.31,464.99,100.20,Yes,Norway,,IPF,IPF,2022-06-06,South Africa,,Sun City,World Classic Powerlifting Championships,Yes
Enahoro Asein,M,SBD,Raw,22.5,20-23,19-23,Open,82.25,83,255,267.5,272.5,,272.5,132.5,140,145,,145,345.5,362.5,-385,,362.5,780,3,529.28,523.48,503.76,108.47,Yes,Hungary,,IPF,IPF,2022-06-06,South Africa,,Sun City,World Classic Powerlifting Championships,Yes
Joel Christopher Catena,M,SBD,Raw,26,24-34,24-39,Open,64.9,66,185,195,205,,205,132.5,140,145,,145,227.5,237.5,245,,245,595,11,472.10,473.75,460.72,93.58,Yes,Austria,,IPF,IPF,2022-06-06,South Africa,,Sun City,World Classic Powerlifting Championships,Yes
Agnes Rudin,F,SBD,Raw,22,20-23,19-23,Open,68.75,69,175,180,-182.5,,180,115,-117.5,-117.5,,115,-190,-190,190,,190,485,7,495.47,488.59,430.86,100.68,Yes,Sweden,,IPF,IPF,2022-06-06,South Africa,,Sun City,World Classic Powerlifting Championships,Yes
Jade Jacob,F,SBD,Raw,21,20-23,19-23,Open,56.45,57,167.5,172.5,175,,175,90,95,-97.5,,95,195,202.5,210,,210,480,2,553.44,561.24,496.36,113.42,Yes,France,,IPF,IPF,2022-06-06,South Africa,,Sun City,World Classic Powerlifting Championships,Yes
Anna-Lena Bellqvist,F,SBD,Raw,34.5,24-34,24-39,Open,155.9,84+,237.5,247.5,252.5,,252.5,115,-122.5,-125,,115,207.5,222.5,-235,,222.5,590,5,454.75,453.21,378.06,98.12,Yes,Sweden,,IPF,IPF,2022-06-06,South Africa,,Sun City,World Classic Powerlifting Championships,Yes
Gina Bakke Bolstad,F,SBD,Raw,30.5,24-34,24-39,Open,62.35,63,157.5,165,-172.5,,165,85,90,-92.5,,90,150,160,167.5,,167.5,422.5,12,457.29,457.33,403.89,93.06,Yes,Norway,,IPF,IPF,2022-06-06,South Africa,,Sun City,World Classic Powerlifting Championships,Yes
Karin Angelini,F,SBD,Raw,24.5,24-34,24-39,Open,46.25,47,117.5,125,130,,130,62.5,67.5,70,,70,132.5,140,150,,150,350,4,464.21,476.17,425.02,98.60,Yes,Italy,,IPF,IPF,2022-06-06,South Africa,,Sun City,World Classic Powerlifting Championships,Yes
Tiffany Chapon,F,SBD,Raw,20.5,20-23,19-23,Open,46.9,47,152.5,160.5,-163,,160.5,90,96,,,96,160,167.5,170,,170,426.5,1,559.84,574.48,512.19,118.48,Yes,France,,IPF,IPF,2022-06-06,South Africa,,Sun City,World Classic Powerlifting Championships,Yes
Sean Koch,M,SBD,Raw,21,20-23,19-23,Open,154.3,120+,330,350,370,,370,197.5,207.5,217.5,,217.5,290,310,-320,,310,897.5,5,479.02,494.60,466.19,94.26,Yes,Switzerland,,IPF,IPF,2022-06-06,South Africa,,Sun City,World Classic Powerlifting Championships,Yes
Antti Kriikkula,M,SBD,Raw,30.5,24-34,24-39,Open,118.35,120,315,327.5,-332.5,,327.5,-217.5,-217.5,217.5,,217.5,280,300,-322.5,,300,845,11,487.55,487.41,466.97,98.83,Yes,Finland,,IPF,IPF,2022-06-06,South Africa,,Sun City,World Classic Powerlifting Championships,Yes
Lorenzo Lupo,M,SBD,Raw,29,24-34,24-39,Open,92.3,93,267.5,275,280,,280,175,182.5,-185,,182.5,270,285,292.5,,292.5,755,18,482.13,476.00,455.72,99.14,Yes,Italy,,IPF,IPF,2022-06-06,South Africa,,Sun City,World Classic Powerlifting Championships,Yes
Remco Sanders,M,SBD,Raw,30.5,24-34,24-39,Open,73.15,74,225,232.5,-235,,232.5,152.5,157.5,-160,,157.5,270,282.5,-287.5,,282.5,672.5,11,490.35,487.75,471.79,99.32,Yes,Netherlands,,IPF,IPF,2022-06-06,South Africa,,Sun City,World Classic Powerlifting Championships,Yes
Dennis Fastelli,M,SBD,Raw,27.5,24-34,24-39,Open,73.89,74,255,262.5,267.5,,267.5,-140,-140,-140,,,265,275,285,,285,,DQ,,,,,Yes,Italy,,IPF,IPF,2022-06-06,South Africa,,Sun City,World Classic Powerlifting Championships,Yes
Antoine Garcia,M,SBD,Raw,26.5,24-34,24-39,Open,58.7,59,207.5,-215,-215,,207.5,115,120,-122.5,,120,220,230,237.5,,237.5,565,1,485.64,491.72,480.76,93.75,Yes,France,,IPF,IPF,2022-06-06,South Africa,,Sun City,World Classic Powerlifting Championships,Yes
Danielle Huijser,F,SBD,Raw,29.5,24-34,24-39,Open,75.25,76,160,167.5,172.5,,172.5,95,97.5,-100,,97.5,175,-182.5,182.5,,182.5,452.5,15,439.95,429.27,377.56,89.63,Yes,Netherlands,,IPF,IPF,2022-06-06,South Africa,,Sun City,World Classic Powerlifting Championships,Yes
Sonita Muluh,F,SBD,Raw,25,24-34,24-39,Open,105.65,84+,212.5,225,232.5,,232.5,110,115,-117.5,,115,240,-252.5,-252.5,,240,587.5,6,491.13,482.04,411.12,103.33,Yes,Belgium,,IPF,IPF,2022-06-06,South Africa,,Sun City,World Classic Powerlifting Championships,Yes
Mylène van der Spek,F,SBD,Raw,28.5,24-34,24-39,Open,55.95,57,147.5,155,157.5,,157.5,80,82.5,-85,,82.5,167.5,177.5,-195,,177.5,417.5,7,484.22,491.58,434.83,99.33,Yes,Netherlands,,IPF,IPF,2022-06-06,South Africa,,Sun City,World Classic Powerlifting Championships,Yes
Agata Sitko,F,SBD,Raw,19.5,20-23,19-23,Open,75.65,76,187.5,195,202.5,,202.5,137.5,145,-150,,145,225,235,237.5,,237.5,585,2,567.20,553.15,486.41,115.59,Yes,Poland,,IPF,IPF,2022-06-06,South Africa,,Sun City,World Classic Powerlifting Championships,Yes
Cenk Koçak,M,SBD,Raw,25.5,24-34,24-39,Open,135.45,120+,300,320,,,320,220,230,240,,240,370,-400,-400,,370,930,3,514.47,522.35,497.61,102.73,Yes,Turkey,,IPF,IPF,2022-06-06,South Africa,,Sun City,World Classic Powerlifting Championships,Yes
Alexander Örn Kárason,M,SBD,Raw,23.5,24-34,24-39,Open,92.15,93,250,265,272.5,,272.5,180,185,190,,190,280,-300,300,,300,762.5,17,487.30,481.11,460.64,100.20,Yes,Iceland,,IPF,IPF,2022-06-06,South Africa,,Sun City,World Classic Powerlifting Championships,Yes
Danielle Todman,F,SBD,Raw,37,35-39,24-39,Open,74.25,76,142.5,147.5,150,,150,90,95,-97.5,,95,187.5,195,200,,200,445,17,435.74,425.73,374.63,88.72,Yes,US Virgin Islands,,IPF,IPF,2022-06-06,South Africa,,Sun City,World Classic Powerlifting Championships,Yes
Kristín Þórhallsdóttir,F,SBD,Raw,37.5,35-39,24-39,Open,82.6,84,212.5,222.5,230,,230,112.5,120,-125,,120,215,230,-240,,230,580,2,538.00,521.65,456.58,110.27,Yes,Iceland,,IPF,IPF,2022-06-06,South Africa,,Sun City,World Classic Powerlifting Championships,Yes
Raphaela Jungmann,F,SBD,Raw,34,24-34,24-39,Open,68.1,69,167.5,175,-182.5,,175,100,-105,-105,,100,185,192.5,-202.5,,192.5,467.5,9,480.19,474.14,418.19,97.57,Yes,Austria,,IPF,IPF,2022-06-06,South Africa,,Sun City,World Classic Powerlifting Championships,Yes
Sahyuri Lalime,F,SBD,Raw,37,35-39,24-39,Open,61.7,63,147.5,155,-160,,155,77.5,82.5,-85,,82.5,175,-185,185,,185,422.5,11,460.26,461.01,407.18,93.71,Yes,Belgium,,IPF,IPF,2022-06-06,South Africa,,Sun City,World Classic Powerlifting Championships,Yes
Chiara Bernardi,F,SBD,Raw,23,20-23,24-39,Open,62.3,63,165,175,180,,180,110,-115,115,,115,200,210,-212.5,,210,505,2,546.86,546.97,483.05,111.29,Yes,Italy,,IPF,IPF,2022-06-06,South Africa,,Sun City,World Classic Powerlifting Championships,Yes
Joel Immanuel Vikesland,M,SBD,Raw,24.5,24-34,24-39,Open,102.6,105,247.5,262.5,272.5,,272.5,177.5,185,190,,190,295,320,342.5,,342.5,805,8,490.12,485.08,463.18,100.47,Yes,Norway,,IPF,IPF,2022-06-06,South Africa,,Sun City,World Classic Powerlifting Championships,Yes
Emil Krastev,M,SBD,Raw,25,24-34,24-39,Open,92.35,93,285,-300,307.5,,307.5,207.5,217.5,227.5,,227.5,310,327.5,342.5,,342.5,877.5,2,560.21,553.09,529.51,115.19,Yes,Bulgaria,,IPF,IPF,2022-06-06,South Africa,,Sun City,World Classic Powerlifting Championships,Yes
Youssuf El Adlani,M,SBD,Raw,25.5,24-34,24-39,Open,104.25,105,300,315,322.5,,322.5,185,192.5,-197.5,,192.5,-320,320,335,,335,850,7,514.12,509.21,486.23,105.30,Yes,Italy,,IPF,IPF,2022-06-06,South Africa,,Sun City,World Classic Powerlifting Championships,Yes
Johannes Kristensen,M,SBD,Raw,24.5,24-34,24-39,Open,82.85,83,250,262.5,270,,270,165,175,-182.5,,175,285,-300,-310,,285,730,10,493.32,487.80,469.27,101.14,Yes,Norway,,IPF,IPF,2022-06-06,South Africa,,Sun City,World Classic Powerlifting Championships,Yes
Richard van Bezooijen,M,SBD,Raw,25.5,24-34,24-39,Open,92.15,93,275,-287.5,290,,290,177.5,185,-190,,185,302.5,-320,-320,,302.5,777.5,13,496.89,490.57,469.70,102.17,Yes,Netherlands,,IPF,IPF,2022-06-06,South Africa,,Sun City,World Classic Powerlifting Championships,Yes
Elias De Buck,M,SBD,Raw,25,24-34,24-39,Open,80.3,83,-225,225,235,,235,170,175,177.5,,177.5,250,270,277.5,,277.5,690,15,474.74,469.96,452.74,97.13,Yes,Belgium,,IPF,IPF,2022-06-06,South Africa,,Sun City,World Classic Powerlifting Championships,Yes
Paul Rembauville,M,SBD,Raw,25,24-34,24-39,Open,73.6,74,247.5,260,267.5,,267.5,147.5,152.5,-157.5,,152.5,295,310,312.5,,312.5,732.5,2,531.95,528.93,511.49,107.84,Yes,France,,IPF,IPF,2022-06-06,South Africa,,Sun City,World Classic Powerlifting Championships,Yes
Verdiana Mineo,F,SBD,Raw,30,24-34,24-39,Open,75.45,76,187.5,197.5,-202.5,,197.5,107.5,110,-112.5,,110,185,-195,-195,,185,492.5,10,478.17,466.45,410.22,97.43,Yes,Italy,,IPF,IPF,2022-06-06,South Africa,,Sun City,World Classic Powerlifting Championships,Yes
Friðbjörn Bragi Hlynsson,M,SBD,Raw,30.5,24-34,24-39,Open,82.65,83,-240,240,-252.5,,240,150,157.5,162.5,,162.5,260,270,280,,280,682.5,17,461.85,456.71,439.41,94.68,Yes,Iceland,,IPF,IPF,2022-06-06,South Africa,,Sun City,World Classic Powerlifting Championships,Yes
Clara Peyraud,F,SBD,Raw,20,20-23,19-23,Open,68.55,69,165,172.5,177.5,,177.5,102.5,107.5,110,,110,205,215,-227.5,,215,502.5,4,514.20,507.26,447.35,104.49,Yes,France,,IPF,IPF,2022-06-06,South Africa,,Sun City,World Classic Powerlifting Championships,Yes
Nicolas Peyraud,M,SBD,Raw,22.5,20-23,19-23,Open,110.25,120,305,320,-325,,320,202.5,210,212.5,,212.5,325,-345,350,,350,882.5,4,522.23,518.99,496.05,106.54,Yes,France,,IPF,IPF,2022-06-06,South Africa,,Sun City,World Classic Powerlifting Championships,Yes
Jack Söderberg,M,SBD,Raw,25.5,24-34,24-39,Open,82.7,83,250,262.5,270,,270,182.5,190,-195,,190,275,287.5,292.5,,292.5,752.5,7,509.04,503.38,484.29,104.36,Yes,Sweden,,IPF,IPF,2022-06-06,South Africa,,Sun City,World Classic Powerlifting Championships,Yes
Vilma Olsson,F,SBD,Raw,23,20-23,19-23,Open,72.75,76,200,205,210,,210,110,115,117.5,,117.5,190,-202.5,-210,,190,517.5,5,512.32,501.66,441.75,104.24,Yes,Sweden,,IPF,IPF,2022-06-06,South Africa,,Sun City,World Classic Powerlifting Championships,Yes
Arna Ösp Gunnarsdóttir,F,SBD,Raw,26.5,24-34,24-39,Open,62.7,63,137.5,142.5,-145,,142.5,82.5,-85,-85,,82.5,-172.5,172.5,175,,175,400,15,431.46,431.14,380.73,87.78,Yes,Iceland,,IPF,IPF,2022-06-06,South Africa,,Sun City,World Classic Powerlifting Championships,Yes
Sara Naldi,F,SBD,Raw,23.5,24-34,24-39,Open,61.65,63,167.5,-177.5,177.5,,177.5,97.5,100,-102.5,,100,200,210,-212.5,,210,487.5,4,531.33,532.26,470.12,108.18,Yes,Italy,,IPF,IPF,2022-06-06,South Africa,,Sun City,World Classic Powerlifting Championships,Yes
Amélie Mierger,F,SBD,Raw,29.5,24-34,24-39,Open,147.75,84+,237.5,242.5,245,,245,158,163,-166.5,,163,230,-237.5,-240,,230,638,3,492.15,491.80,413.18,106.55,Yes,France,,IPF,IPF,2022-06-06,South Africa,,Sun City,World Classic Powerlifting Championships,Yes
Pantea Supanetz,F,SBD,Raw,31.5,24-34,24-39,Open,62.35,63,162.5,167.5,172.5,,172.5,105,110,-112.5,,110,190,-197.5,-197.5,,190,472.5,5,511.41,511.46,451.68,104.07,Yes,Austria,,IPF,IPF,2022-06-06,South Africa,,Sun City,World Classic Powerlifting Championships,Yes
Shizuka Rico,F,SBD,Raw,27,24-34,24-39,Open,51.45,52,152.5,157.5,160,,160,75,77.5,-80,,77.5,185,-190,-190,,185,422.5,4,518.82,531.04,470.92,107.67,Yes,France,,IPF,IPF,2022-06-06,South Africa,,Sun City,World Classic Powerlifting Championships,Yes
Emil Norling,M,SBD,Raw,25.5,24-34,24-39,Open,104.75,105,-330,330,337.5,,337.5,190,197.5,-202.5,,197.5,340,362.5,377.5,,377.5,912.5,1,550.86,545.73,521.11,112.79,Yes,Sweden,,IPF,IPF,2022-06-06,South Africa,,Sun City,World Classic Powerlifting Championships,Yes
René Hofer,M,SBD,Raw,24.5,24-34,24-39,Open,92.25,93,265,280,-285,,280,160,165,167.5,,167.5,305,320,-327.5,,320,767.5,16,490.24,484.01,463.39,100.80,Yes,Austria,,IPF,IPF,2022-06-06,South Africa,,Sun City,World Classic Powerlifting Championships,Yes
Corentin Clément,M,SBD,Raw,22,20-23,19-23,Open,104.85,105,-315,315,325,,325,200,-205,-205,,200,340,-360,-362.5,,340,865,5,521.98,517.14,493.82,106.87,Yes,France,,IPF,IPF,2022-06-06,South Africa,,Sun City,World Classic Powerlifting Championships,Yes
Panagiotis Tarinidis,M,SBD,Raw,27,24-34,24-39,Open,66,66,235,245,250,,250,155,-160,-160,,155,265,-277.5,-282.5,,265,670,5,524.96,526.08,511.20,104.44,Yes,France,,IPF,IPF,2022-06-06,South Africa,,Sun City,World Classic Powerlifting Championships,Yes
Emelie Leach,F,SBD,Raw,28.5,24-34,24-39,Open,153,84+,237.5,245,252.5,,252.5,135,140,145,,145,242.5,250,-272.5,,250,647.5,2,499.06,497.51,416.43,107.83,Yes,Sweden,,IPF,IPF,2022-06-06,South Africa,,Sun City,World Classic Powerlifting Championships,Yes
Isabel Carina Nakken Cloin,F,SBD,Raw,33.5,24-34,24-39,Open,109.25,84+,205,-215,220,,220,110,115,120,,120,220,-235,-242.5,,220,560,8,462.68,455.98,388.24,97.75,Yes,Norway,,IPF,IPF,2022-06-06,South Africa,,Sun City,World Classic Powerlifting Championships,Yes
Marte Kjenner,F,SBD,Raw,32.5,24-34,24-39,Open,68.65,69,180,190,197.5,,197.5,115,-120,120,,120,205,215,-225,,215,532.5,2,544.45,536.99,473.55,110.63,Yes,Norway,,IPF,IPF,2022-06-06,South Africa,,Sun City,World Classic Powerlifting Championships,Yes
Signe Elisabeth Belden,F,SBD,Raw,38.5,35-39,24-39,Open,62.6,63,162.5,170,175,,175,102.5,-105,105,,105,-182.5,187.5,-192.5,,187.5,467.5,6,504.76,504.51,445.52,102.70,Yes,Norway,,IPF,IPF,2022-06-06,South Africa,,Sun City,World Classic Powerlifting Championships,Yes
Matteo Moretto,M,SBD,Raw,33.5,24-34,24-39,Open,82.15,83,275,287.5,-292.5,,287.5,180,187.5,-190,,187.5,265,-280,-280,,265,740,9,502.48,497.00,478.30,102.97,Yes,Italy,,IPF,IPF,2022-06-06,South Africa,,Sun City,World Classic Powerlifting Championships,Yes
Donna Berglund,F,SBD,Raw,24.5,24-34,24-39,Open,56.75,57,142.5,150,152.5,,152.5,110,115,123,,123,-150,150,155,,155,430.5,6,494.64,501.27,443.28,101.31,Yes,Sweden,,IPF,IPF,2022-06-06,South Africa,,Sun City,World Classic Powerlifting Championships,Yes
Dalida Mari,F,SBD,Raw,34.5,24-34,24-39,Open,51.55,52,142.5,150,152.5,,152.5,80,-82.5,-82.5,,80,140,150,-162.5,,150,382.5,9,469.06,480.05,425.66,97.31,Yes,Italy,,IPF,IPF,2022-06-06,South Africa,,Sun City,World Classic Powerlifting Championships,Yes
Iris Scholten,F,SBD,Raw,29.5,24-34,24-39,Open,62.45,63,182.5,192.5,-197.5,,192.5,110,117.5,120,,120,182.5,192.5,-195,,192.5,505,3,546.05,545.97,482.15,111.12,Yes,Netherlands,,IPF,IPF,2022-06-06,South Africa,,Sun City,World Classic Powerlifting Championships,Yes
Pleun Dekkers,F,SBD,Raw,27.5,24-34,24-39,Open,51.75,52,157.5,165.5,168.5,,168.5,82.5,-85,85,,85,162.5,170,-172.5,,170,423.5,2,517.94,529.92,469.81,107.38,Yes,Netherlands,,IPF,IPF,2022-06-06,South Africa,,Sun City,World Classic Powerlifting Championships,Yes
Stine Hamre,F,SBD,Raw,26.5,24-34,24-39,Open,75.95,76,167.5,177.5,182.5,,182.5,100,-105,-105,,100,175,190,-195,,190,472.5,12,457.17,445.69,391.85,93.19,Yes,Norway,,IPF,IPF,2022-06-06,South Africa,,Sun City,World Classic Powerlifting Championships,Yes
Gustav Hedlund,M,SBD,Raw,26.5,24-34,24-39,Open,92.5,93,290,307.5,317.5,,317.5,195,207.5,-212.5,,207.5,330,340,-350,,340,865,5,551.79,544.78,521.52,113.46,Yes,Sweden,,IPF,IPF,2022-06-06,South Africa,,Sun City,World Classic Powerlifting Championships,Yes
Tanno de Pender,M,SBD,Raw,29.5,24-34,24-39,Open,103.68,105,270,-282.5,282.5,,282.5,192.5,200,-205,,200,300,317.5,-325,,317.5,800,9,484.97,480.21,458.53,99.36,Yes,Netherlands,,IPF,IPF,2022-06-06,South Africa,,Sun City,World Classic Powerlifting Championships,Yes
Rob Esselens,M,SBD,Raw,27,24-34,24-39,Open,92.55,93,255,270,275,,275,170,177.5,182.5,,182.5,270,285,292.5,,292.5,750,19,478.31,472.23,452.06,98.35,Yes,Belgium,,IPF,IPF,2022-06-06,South Africa,,Sun City,World Classic Powerlifting Championships,Yes
Carl Petter Sommerseth,M,SBD,Raw,36.5,35-39,24-39,Open,119.2,120,292.5,302.5,312.5,,312.5,210,217.5,-220,,217.5,310,337.5,360,,360,890,3,512.28,512.48,491.06,103.76,Yes,Norway,,IPF,IPF,2022-06-06,South Africa,,Sun City,World Classic Powerlifting Championships,Yes
Birgit Rós Becker,F,SBD,Raw,32.5,24-34,24-39,Open,75.8,76,170,180,-185,,180,87.5,92.5,-97.5,,92.5,175,190,-195,,190,462.5,13,447.96,436.79,384.06,91.30,Yes,Iceland,,IPF,IPF,2022-06-06,South Africa,,Sun City,World Classic Powerlifting Championships,Yes
Eddie Berglund,M,SBD,Raw,27,24-34,24-39,Open,66,66,240,250,-260,,250,195,-202.5,202.5,,202.5,240,250,257.5,,257.5,710,1,556.30,557.49,541.72,110.68,Yes,Sweden,,IPF,IPF,2022-06-06,South Africa,,Sun City,World Classic Powerlifting Championships,Yes
Stina Lindell,F,SBD,Raw,33.5,24-34,24-39,Open,62.5,63,157.5,160,-162.5,,160,92.5,97.5,100,,100,167.5,175,180,,180,440,9,475.54,475.41,419.83,96.76,Yes,Finland,,IPF,IPF,2022-06-06,South Africa,,Sun City,World Classic Powerlifting Championships,Yes
Māris Juzups,M,SBD,Raw,33.5,24-34,24-39,Open,119.5,120,315,-332.5,,,315,205,-215,,,205,125,,,,125,645,15,370.94,371.19,355.68,75.12,Yes,Latvia,,IPF,IPF,2022-06-06,South Africa,,Sun City,World Classic Powerlifting Championships,Yes
Alexander Eriksson #1,M,SBD,Raw,27.5,24-34,24-39,Open,73.8,74,230,242.5,247.5,,247.5,157.5,165,167.5,,167.5,272.5,287.5,-305,,287.5,702.5,7,509.26,506.29,489.54,103.28,Yes,Sweden,,IPF,IPF,2022-06-06,South Africa,,Sun City,World Classic Powerlifting Championships,Yes
Viktor Samúelsson,M,SBD,Raw,28.5,24-34,24-39,Open,104.5,105,272.5,282.5,-292.5,,282.5,185,195,-200,,195,300,315,-330,,315,792.5,12,478.88,474.36,452.95,98.06,Yes,Iceland,,IPF,IPF,2022-06-06,South Africa,,Sun City,World Classic Powerlifting Championships,Yes
Jari Saario,M,SBD,Raw,36.5,35-39,24-39,Open,145.6,120+,340,-355,-357.5,,340,190,-195,-195,,190,340,355,-365,,355,885,6,479.77,491.73,465.94,95.00,Yes,Finland,,IPF,IPF,2022-06-06,South Africa,,Sun City,World Classic Powerlifting Championships,Yes
Steve Ringoot,M,SBD,Raw,32,24-34,24-39,Open,149.25,120+,320,340,-350,,340,225,230,-232.5,,230,315,330,-340,,330,900,4,484.64,498.32,471.35,95.70,Yes,Belgium,,IPF,IPF,2022-06-06,South Africa,,Sun City,World Classic Powerlifting Championships,Yes
Mathilde Østergaard,F,SBD,Raw,27.5,24-34,24-39,Open,56.6,57,-127.5,127.5,137.5,,137.5,72.5,-77.5,77.5,,77.5,150,162.5,-172.5,,162.5,377.5,10,434.50,440.47,389.53,89.02,Yes,Denmark,,IPF,IPF,2022-06-06,South Africa,,Sun City,World Classic Powerlifting Championships,Yes
Lisette I Hansen,F,SBD,Raw,33,24-34,24-39,Open,46.55,47,107.5,-115,115,,115,60,65,-67.5,,65,132.5,-140,-140,,132.5,312.5,5,412.48,423.19,377.54,87.46,Yes,Denmark,,IPF,IPF,2022-06-06,South Africa,,Sun City,World Classic Powerlifting Championships,Yes
Jens Peter Smalbro,M,SBD,Raw,27.5,24-34,24-39,Open,119.25,120,280,300,312.5,,312.5,162.5,170,175,,175,320,340,-347.5,,340,827.5,12,476.24,476.45,456.53,96.46,Yes,Denmark,,IPF,IPF,2022-06-06,South Africa,,Sun City,World Classic Powerlifting Championships,Yes
Maja Bonde,F,SBD,Raw,28.5,24-34,24-39,Open,74.85,76,165,-175,175,,175,92.5,97.5,-100,,97.5,190,200,205,,205,477.5,11,465.57,454.50,399.83,94.83,Yes,Denmark,,IPF,IPF,2022-06-06,South Africa,,Sun City,World Classic Powerlifting Championships,Yes
Oda Jystad Jensen,F,SBD,Raw,25.5,24-34,24-39,Open,51.5,52,105,110,-115,,110,82.5,-85,85,,85,130,140,-145,,140,335,11,411.09,420.75,373.10,85.30,Yes,Denmark,,IPF,IPF,2022-06-06,South Africa,,Sun City,World Classic Powerlifting Championships,Yes
Emma Arusyak Badalyan,F,SBD,Raw,28.5,24-34,24-39,Open,62.5,63,165,172.5,-180,,172.5,80,85,-90,,85,150,160,167.5,,167.5,425,10,459.32,459.20,405.52,93.46,Yes,Denmark,,IPF,IPF,2022-06-06,South Africa,,Sun City,World Classic Powerlifting Championships,Yes
Mia Schjøtt Irving,F,SBD,Raw,23.5,24-34,24-39,Open,68.35,69,150,160,165,,165,77.5,82.5,-85,,82.5,185,195,-202.5,,195,442.5,11,453.56,447.62,394.77,92.16,Yes,Denmark,,IPF,IPF,2022-06-06,South Africa,,Sun City,World Classic Powerlifting Championships,Yes
Matti Christensen,M,SBD,Raw,26.5,24-34,24-39,Open,73.85,74,242.5,250,255,,255,187.5,195,197.5,,197.5,220,227.5,-232.5,,227.5,680,10,492.73,489.84,473.61,99.94,Yes,Denmark,,IPF,IPF,2022-06-06,South Africa,,Sun City,World Classic Powerlifting Championships,Yes
Martina Malzová,F,SBD,Raw,26.5,24-34,24-39,Open,56.75,57,135,145,,,145,70,75,-77.5,,75,182.5,-185,-197.5,,182.5,402.5,9,462.47,468.67,414.45,94.73,Yes,Czechia,,IPF,IPF,2022-06-06,South Africa,,Sun City,World Classic Powerlifting Championships,Yes
Barbora Josková,F,SBD,Raw,24.5,24-34,24-39,Open,66.35,69,145,152.5,155,,155,95,100,-102.5,,100,180,-190,-195,,180,435,13,453.60,449.52,396.65,92.17,Yes,Czechia,,IPF,IPF,2022-06-06,South Africa,,Sun City,World Classic Powerlifting Championships,Yes
Martin Hladík,M,SBD,Raw,27.5,24-34,24-39,Open,73.65,74,217.5,225,-232.5,,225,132.5,137.5,-142.5,,137.5,265,275,-285,,275,637.5,13,462.75,460.11,444.92,93.82,Yes,Czechia,,IPF,IPF,2022-06-06,South Africa,,Sun City,World Classic Powerlifting Championships,Yes
Ivana Horná,F,SBD,Raw,31.5,24-34,24-39,Open,68.15,69,170,177.5,182.5,,182.5,100,105,110,,110,200,210,220,,220,512.5,3,526.19,519.50,458.19,106.92,Yes,Slovakia,,IPF,IPF,2022-06-06,South Africa,,Sun City,World Classic Powerlifting Championships,Yes
Lisa Kitagawa,F,SBD,Raw,30.5,24-34,24-39,Open,73.8,76,152.5,162.5,-165,,162.5,80,82.5,85,,85,187.5,195,-197.5,,195,442.5,18,434.70,424.98,374.05,88.49,Yes,Canada,,IPF,IPF,2022-06-06,South Africa,,Sun City,World Classic Powerlifting Championships,Yes
Kyle Graham,M,SBD,Raw,23.5,24-34,24-39,Open,82.2,83,277.5,290,-300,,290,140,145,-147.5,,145,295,-315,315,,315,750,8,509.10,503.53,484.58,104.33,Yes,Canada,,IPF,IPF,2022-06-06,South Africa,,Sun City,World Classic Powerlifting Championships,Yes
Kafui Hotsonyame,M,SBD,Raw,28.5,24-34,24-39,Open,81.9,83,250,262.5,270,,270,157.5,162.5,167.5,,167.5,300,317.5,325,,325,762.5,6,518.66,513.06,493.82,106.27,Yes,Canada,,IPF,IPF,2022-06-06,South Africa,,Sun City,World Classic Powerlifting Championships,Yes
Benjamin Yu,M,SBD,Raw,32.5,24-34,24-39,Open,58.55,59,165,172.5,-177.5,,172.5,-130,-130,130,,130,190,-202.5,-202.5,,190,492.5,5,424.23,429.65,420.14,81.83,Yes,Canada,,IPF,IPF,2022-06-06,South Africa,,Sun City,World Classic Powerlifting Championships,Yes
Blake Barrett #1,M,SBD,Raw,24,24-34,24-39,Open,73.85,74,247.5,-260,260,,260,155,162.5,167.5,,167.5,287.5,300,-305,,300,727.5,5,527.15,524.06,506.70,106.92,Yes,Canada,,IPF,IPF,2022-06-06,South Africa,,Sun City,World Classic Powerlifting Championships,Yes
Danielle Philibert,F,SBD,Raw,29,24-34,24-39,Open,80.9,84,195,202.5,-205,,202.5,115,122.5,-125,,122.5,200,210,215,,215,540,3,506.00,491.07,430.38,103.54,Yes,Canada,,IPF,IPF,2022-06-06,South Africa,,Sun City,World Classic Powerlifting Championships,Yes
Thomas Gear,M,SBD,Raw,31.5,24-34,24-39,Open,91.45,93,240,252.5,262.5,,262.5,190,-197.5,197.5,,197.5,300,-315,317.5,,317.5,777.5,12,498.75,492.40,471.60,102.55,Yes,Canada,,IPF,IPF,2022-06-06,South Africa,,Sun City,World Classic Powerlifting Championships,Yes
Matthew Lewis Vena,M,SBD,Raw,23.5,24-34,24-39,Open,91.9,93,275,287.5,292.5,,292.5,150,157.5,162.5,,162.5,290,-300,-300,,290,745,20,476.75,470.69,450.71,98.03,Yes,Canada,,IPF,IPF,2022-06-06,South Africa,,Sun City,World Classic Powerlifting Championships,Yes
Bryce Krawczyk,M,SBD,Raw,34,24-34,24-39,Open,118.05,120,292.5,310,317.5,,317.5,170,180,185,,185,357.5,372.5,-390,,372.5,875,6,505.30,505.03,483.82,102.45,Yes,Canada,,IPF,IPF,2022-06-06,South Africa,,Sun City,World Classic Powerlifting Championships,Yes
Nicole Coopoosamy,F,SBD,Raw,28.5,24-34,24-39,Open,75.35,76,150,160,-162.5,,160,80,90,-92.5,,90,187.5,197.5,-202.5,,197.5,447.5,16,434.79,424.18,373.06,88.59,Yes,South Africa,,IPF,IPF,2022-06-06,South Africa,,Sun City,World Classic Powerlifting Championships,Yes
Brittany Schlater,F,SBD,Raw,30.5,24-34,24-39,Open,112.6,84+,225,232.5,240,,240,125,132.5,137.5,,137.5,240,-252.5,-260.5,,240,617.5,4,505.10,499.68,424.88,107.11,Yes,Canada,,IPF,IPF,2022-06-06,South Africa,,Sun City,World Classic Powerlifting Championships,Yes
Emily zur Linden,F,SBD,Raw,34.5,24-34,24-39,Open,61.2,63,162.5,170,-177.5,,170,92.5,97.5,-100,,97.5,175,185,192.5,,192.5,460,7,503.64,505.07,446.14,102.58,Yes,Canada,,IPF,IPF,2022-06-06,South Africa,,Sun City,World Classic Powerlifting Championships,Yes
Evie Corrigan,F,SBD,Raw,26,24-34,24-39,Open,56.65,57,160,-167.5,167.5,,167.5,95,100,102.5,,102.5,187.5,-197.5,200,,200,470,4,540.66,548.02,484.64,110.76,Yes,New Zealand,,IPF,IPF,2022-06-06,South Africa,,Sun City,World Classic Powerlifting Championships,Yes
Megan-Li Smith,F,SBD,Raw,26,24-34,24-39,Open,51.55,52,147.5,155,160,,160,77.5,80,-82.5,,80,-172.5,172.5,-185,,172.5,412.5,5,505.85,517.70,459.05,104.94,Yes,New Zealand,,IPF,IPF,2022-06-06,South Africa,,Sun City,World Classic Powerlifting Championships,Yes
Erik Willis,M,SBD,Raw,31.5,24-34,24-39,Open,119.45,120,-290,-290,290,,290,220,235,-240,,235,330,-357.5,-367.5,,330,855,9,491.79,492.09,471.53,99.59,Yes,Canada,,IPF,IPF,2022-06-06,South Africa,,Sun City,World Classic Powerlifting Championships,Yes
Jessica Buettner,F,SBD,Raw,27,24-34,24-39,Open,75.25,76,205,213.5,218.5,,218.5,97.5,102.5,105,,105,240,249,261.5,,261.5,585,1,568.78,554.97,488.12,115.88,Yes,Canada,,IPF,IPF,2022-06-06,South Africa,,Sun City,World Classic Powerlifting Championships,Yes
Stef Kean,F,SBD,Raw,35.5,35-39,24-39,Open,51.2,52,155,161.5,162.5,,162.5,67.5,75,80,,80,150,162.5,180,,180,422.5,3,520.59,533.03,472.78,108.13,Yes,Canada,,IPF,IPF,2022-06-06,South Africa,,Sun City,World Classic Powerlifting Championships,Yes
Simone Lai,F,SBD,Raw,30.5,24-34,24-39,Open,46.7,47,140,-145,-145,,140,-75,75,-77.5,,75,140,147.5,152.5,,152.5,367.5,3,483.92,496.53,442.85,102.52,Yes,Canada,,IPF,IPF,2022-06-06,South Africa,,Sun City,World Classic Powerlifting Championships,Yes
Maria Htee,F,SBD,Raw,33.5,24-34,24-39,Open,56.15,57,170,-180,-180,,170,92.5,95,-97.5,,95,187.5,195,-200,,195,460,5,532.25,540.10,477.72,109.14,Yes,Canada,,IPF,IPF,2022-06-06,South Africa,,Sun City,World Classic Powerlifting Championships,Yes
Francois Maritz,M,SBD,Raw,28.5,24-34,24-39,Open,118.65,120,320,-340,340,,340,-210,210,-220,,210,315,-325,-325,,315,865,7,498.66,498.64,477.75,101.05,Yes,South Africa,,IPF,IPF,2022-06-06,South Africa,,Sun City,World Classic Powerlifting Championships,Yes
Rogerio Almeida de Sousa,M,SBD,Raw,26.5,24-34,24-39,Open,104.15,105,282.5,295,297.5,,297.5,182.5,192.5,-197.5,,192.5,280,-302.5,302.5,,302.5,792.5,11,479.53,474.93,453.49,98.22,Yes,Brazil,,IPF,IPF,2022-06-06,South Africa,,Sun City,World Classic Powerlifting Championships,Yes
Mayara Rocha Soares,F,SBD,Raw,29.5,24-34,24-39,Open,46.8,47,115,117.5,120,,120,60,62.5,-65,,62.5,120,-125,-125,,120,302.5,7,397.70,408.08,363.90,84.21,Yes,Brazil,,IPF,IPF,2022-06-06,South Africa,,Sun City,World Classic Powerlifting Championships,Yes
Marina Garcia de Almeida,F,SBD,Raw,31.5,24-34,24-39,Open,82.9,84,180,190,-195,,190,105,-110,-110,,105,220,-232.5,-235,,220,515,6,476.87,462.33,404.56,97.77,Yes,Brazil,,IPF,IPF,2022-06-06,South Africa,,Sun City,World Classic Powerlifting Championships,Yes
Anastasia Hein,F,SBD,Raw,28.5,24-34,24-39,Open,55.8,57,140,145,150,,150,-87.5,87.5,-92.5,,87.5,167.5,172.5,175,,175,412.5,8,479.27,486.71,430.55,98.34,Yes,Germany,,IPF,IPF,2022-06-06,South Africa,,Sun City,World Classic Powerlifting Championships,Yes
Sarah Klein #1,F,SBD,Raw,34,24-34,24-39,Open,50.75,52,130,135,137.5,,137.5,75,80,-82.5,,80,162.5,170,175,,175,392.5,8,486.64,498.54,442.36,101.24,Yes,Germany,,IPF,IPF,2022-06-06,South Africa,,Sun City,World Classic Powerlifting Championships,Yes
Barbara Gapp,F,SBD,Raw,40.5,40-44,40-49,Open,51.7,52,-117.5,117.5,-125,,117.5,65,-67.5,-67.5,,65,175,-187.5,,,175,357.5,10,437.52,447.67,396.91,90.72,Yes,Austria,,IPF,IPF,2022-06-06,South Africa,,Sun City,World Classic Powerlifting Championships,Yes
Pijus Alisauskas,M,SBD,Raw,23.5,24-34,24-39,Open,83,83,240,252.5,257.5,,257.5,175,180,185,,185,260,277.5,285,,285,727.5,11,491.13,485.61,467.12,100.71,Yes,Germany,,IPF,IPF,2022-06-06,South Africa,,Sun City,World Classic Powerlifting Championships,Yes
Sonia Gonçalves Da Silva,F,SBD,Raw,25,24-34,24-39,Open,67.15,69,160,167.5,170,,170,85,90,92.5,,92.5,185,195,-200,,195,457.5,10,473.74,468.68,413.48,96.26,Yes,Germany,,IPF,IPF,2022-06-06,South Africa,,Sun City,World Classic Powerlifting Championships,Yes
Pascal Suckow,M,SBD,Raw,33,24-34,24-39,Open,92.25,93,280,295,-302.5,,295,170,175,180,,180,295,315,-325,,315,790,9,504.61,498.20,476.98,103.76,Yes,Germany,,IPF,IPF,2022-06-06,South Africa,,Sun City,World Classic Powerlifting Championships,Yes
Lea Schreiner,F,SBD,Raw,27,24-34,24-39,Open,76.85,84,170,177.5,182.5,,182.5,95,100,102.5,,102.5,197.5,207.5,210,,210,495,7,476.02,463.58,407.38,97.09,Yes,Germany,,IPF,IPF,2022-06-06,South Africa,,Sun City,World Classic Powerlifting Championships,Yes
Maximilian Eisinger,M,SBD,Raw,29,24-34,24-39,Open,82.6,83,245,260,270,,270,162.5,167.5,-172.5,,167.5,260,277.5,-290,,277.5,715,13,484.00,478.64,460.52,99.22,Yes,Germany,,IPF,IPF,2022-06-06,South Africa,,Sun City,World Classic Powerlifting Championships,Yes
Sascha Stendebach,M,SBD,Raw,30,24-34,24-39,Open,92.3,93,265,-275,-275,,265,202.5,207.5,-212.5,,207.5,340,360,-374,,360,832.5,6,531.62,524.86,502.50,109.31,Yes,Germany,,IPF,IPF,2022-06-06,South Africa,,Sun City,World Classic Powerlifting Championships,Yes
Andreas Reiz,M,SBD,Raw,37.5,35-39,24-39,Open,118.55,120,300,-307.5,,,300,,,,,,,,,,,,DQ,,,,,Yes,Germany,,IPF,IPF,2022-06-06,South Africa,,Sun City,World Classic Powerlifting Championships,Yes
Ziana Azariah,F,SBD,Raw,24.5,24-34,24-39,Open,82.75,84,187.5,197.5,202.5,,202.5,87.5,92.5,95,,95,220,235,-245,,235,532.5,4,493.51,478.48,418.75,101.16,Yes,England,,IPF,IPF,2022-06-06,South Africa,,Sun City,World Classic Powerlifting Championships,Yes
Annie Nelson,F,SBD,Raw,25.5,24-34,24-39,Open,62.65,63,162.5,172.5,-180,,172.5,92.5,-97.5,97.5,,97.5,190,-205,-205,,190,460,8,496.42,496.11,438.11,101.00,Yes,Scotland,,IPF,IPF,2022-06-06,South Africa,,Sun City,World Classic Powerlifting Championships,Yes
Adam Fulat,M,SBD,Raw,29.5,24-34,24-39,Open,92.7,93,275,287.5,-292.5,,287.5,182.5,187.5,-192.5,,187.5,290,310,-320,,310,785,10,500.24,493.89,472.76,102.86,Yes,UK,,IPF,IPF,2022-06-06,South Africa,,Sun City,World Classic Powerlifting Championships,Yes
Sophia Ellis,F,SBD,Raw,26,24-34,24-39,Open,73,76,157.5,167.5,170,,170,110,117.5,-120,,117.5,225,-237.5,-237.5,,225,512.5,7,506.43,495.70,436.45,103.05,Yes,England,,IPF,IPF,2022-06-06,South Africa,,Sun City,World Classic Powerlifting Championships,Yes
Ben Pape,M,SBD,Raw,25,24-34,24-39,Open,104.45,105,295,-317.5,317.5,,317.5,180,187.5,190,,190,315,342.5,355,,355,862.5,6,521.28,516.35,493.05,106.75,Yes,England,,IPF,IPF,2022-06-06,South Africa,,Sun City,World Classic Powerlifting Championships,Yes
Temitope Nuga,F,SBD,Raw,36.5,35-39,24-39,Open,81.2,84,185,192.5,-195,,192.5,102.5,107.5,-110,,107.5,215,227.5,-232.5,,227.5,527.5,5,493.39,478.75,419.48,100.99,Yes,England,,IPF,IPF,2022-06-06,South Africa,,Sun City,World Classic Powerlifting Championships,Yes
William Pickering #1,M,SBD,Raw,24.5,24-34,24-39,Open,92.5,93,270,285,-290,,285,-172.5,172.5,-180,,172.5,305,325,,,325,782.5,11,499.16,492.82,471.78,102.64,Yes,England,,IPF,IPF,2022-06-06,South Africa,,Sun City,World Classic Powerlifting Championships,Yes
Abdul Majeed Sulayman,M,SBD,Raw,25,24-34,24-39,Open,104.3,105,295,315,322.5,,322.5,185,195,202.5,,202.5,322.5,360,372.5,,372.5,897.5,3,542.75,537.58,513.31,111.16,Yes,England,,IPF,IPF,2022-06-06,South Africa,,Sun City,World Classic Powerlifting Championships,Yes
Susanna Argile,F,SBD,Raw,29,24-34,24-39,Open,75.05,76,185,195,200,,200,105,110,112.5,,112.5,185,195,-200,,195,507.5,9,494.12,482.25,424.20,100.66,Yes,England,,IPF,IPF,2022-06-06,South Africa,,Sun City,World Classic Powerlifting Championships,Yes
Ben Wharton,M,SBD,Raw,25,24-34,24-39,Open,112.85,120,290,310,320,,320,182.5,195,197.5,,197.5,310,335,-350,,335,852.5,10,500.16,497.92,476.29,101.84,Yes,England,,IPF,IPF,2022-06-06,South Africa,,Sun City,World Classic Powerlifting Championships,Yes
Dylan Nelson #1,M,SBD,Raw,25.5,24-34,24-39,Open,73.8,74,270,-283.5,-283.5,,270,145,150,-155,,150,260,-272.5,272.5,,272.5,692.5,9,502.01,499.08,482.57,101.81,Yes,England,,IPF,IPF,2022-06-06,South Africa,,Sun City,World Classic Powerlifting Championships,Yes
Tasmin Campbell,F,SBD,Raw,37.5,35-39,24-39,Open,68.15,69,152.5,162.5,167.5,,167.5,105,110,-112.5,,110,192.5,195,200,,200,477.5,8,490.26,484.03,426.90,99.62,Yes,Scotland,,IPF,IPF,2022-06-06,South Africa,,Sun City,World Classic Powerlifting Championships,Yes
Jurins Kengamu,M,SBD,Raw,33,24-34,24-39,Open,82.05,83,282.5,295,-302.5,,295,162.5,172.5,-175,,172.5,302.5,320,-322.5,,320,787.5,2,535.11,529.29,509.41,109.65,Yes,England,,IPF,IPF,2022-06-06,South Africa,,Sun City,World Classic Powerlifting Championships,Yes
Joy Nnamani,F,SBD,Raw,29.5,24-34,24-39,Open,56.45,57,-155,-155,155,,155,92.5,95,97.5,,97.5,212.5,223.5,228,,228,480.5,1,554.02,561.82,496.87,113.54,Yes,England,,IPF,IPF,2022-06-06,South Africa,,Sun City,World Classic Powerlifting Championships,Yes
Erik Mata,M,SBD,Raw,25.5,24-34,24-39,Open,103.65,105,270,300,-312.5,,300,177.5,190,195,,195,280,300,-310,,300,795,10,481.99,477.26,455.71,98.75,Yes,Hungary,,IPF,IPF,2022-06-06,South Africa,,Sun City,World Classic Powerlifting Championships,Yes
Owen Hubbard,M,SBD,Raw,29.5,24-34,24-39,Open,82.6,83,257.5,272.5,277.5,,277.5,202.5,212.5,-219,,212.5,250,280,-302.5,,280,770,4,521.23,515.45,495.94,106.85,Yes,UK,,IPF,IPF,2022-06-06,South Africa,,Sun City,World Classic Powerlifting Championships,Yes
Louise Murray,F,SBD,Raw,33.5,24-34,24-39,Open,56,57,125,135,140,,140,90,-92.5,92.5,,92.5,130,140,-150,,140,372.5,12,431.77,438.29,387.68,88.56,Yes,Portugal,,IPF,IPF,2022-06-06,South Africa,,Sun City,World Classic Powerlifting Championships,Yes
Bobbie Butters,F,SBD,Raw,27,24-34,24-39,Open,56.65,57,167.5,177.5,183,,183,100,107.5,110,,110,167.5,177.5,185,,185,478,3,549.86,557.35,492.89,112.64,Yes,England,,IPF,IPF,2022-06-06,South Africa,,Sun City,World Classic Powerlifting Championships,Yes
Nour Al Jundi,F,SBD,Raw,27.5,24-34,24-39,Open,46.1,47,115,-120,-120,,115,75,-82.5,-82.5,,75,120,-132.5,-132.5,,120,310,6,412.16,422.72,377.42,87.62,Yes,Thailand,,IPF,IPF,2022-06-06,South Africa,,Sun City,World Classic Powerlifting Championships,Yes
Mehrdad Zafari,M,SBD,Raw,32,24-34,24-39,Open,59,59,185,190,-195,,190,115,122.5,125,,125,212.5,217.5,-222.5,,217.5,532.5,3,455.75,461.24,450.83,88.11,Yes,Iran,,IPF,IPF,2022-06-06,South Africa,,Sun City,World Classic Powerlifting Championships,Yes
Veronica Manning,F,SBD,Raw,23,20-23,19-23,Open,67.35,69,122.5,127.5,132.5,,132.5,77.5,80,-82.5,,80,160,170,-180,,170,382.5,19,395.40,391.01,344.94,80.34,Yes,New Zealand,,IPF,IPF,2022-06-06,South Africa,,Sun City,World Classic Powerlifting Championships,Yes
Raffy Dio,M,SBD,Raw,21,20-23,19-23,Open,92.65,93,250,257.5,-262.5,,257.5,145,150,-152.5,,150,260,270,-280,,270,677.5,25,431.84,426.36,408.13,88.79,Yes,New Zealand,,IPF,IPF,2022-06-06,South Africa,,Sun City,World Classic Powerlifting Championships,Yes
Mayumi Honda,F,SBD,Raw,38,35-39,24-39,Open,55.75,57,80,100,-110,,100,50,60,-62.5,,60,115,130,140,,140,300,16,348.77,354.22,313.35,71.57,Yes,Japan,,IPF,IPF,2022-06-06,South Africa,,Sun City,World Classic Powerlifting Championships,Yes
Yui Okawa,F,SBD,Raw,26,24-34,24-39,Open,56.65,57,115,120,-125,,120,67.5,72.5,-75,,72.5,132.5,142.5,-150,,142.5,335,15,385.36,390.61,345.43,78.94,Yes,Japan,,IPF,IPF,2022-06-06,South Africa,,Sun City,World Classic Powerlifting Championships,Yes
Shimon Tsuruya,M,SBD,Raw,24,24-34,24-39,Open,90.2,93,245,255,-262.5,,255,155,-162.5,162.5,,162.5,280,295,-310,,295,712.5,22,460.19,454.34,435.40,94.62,Yes,Japan,,IPF,IPF,2022-06-06,South Africa,,Sun City,World Classic Powerlifting Championships,Yes
Tatsuya Kawashima,M,SBD,Raw,25.5,24-34,24-39,Open,73,74,-222.5,-222.5,222.5,,222.5,190,-195,195,,195,225,235,-245,,235,652.5,12,476.41,473.95,458.48,96.47,Yes,Japan,,IPF,IPF,2022-06-06,South Africa,,Sun City,World Classic Powerlifting Championships,Yes
Kasemsand Senumong,M,SBD,Raw,27,24-34,24-39,Open,65.5,66,220,235,,,235,140,145,-147.5,,145,260,270,-275,,270,650,7,512.18,513.59,499.24,101.73,Yes,Thailand,,IPF,IPF,2022-06-06,South Africa,,Sun City,World Classic Powerlifting Championships,Yes
Ahmadreza Babaahmadimilani,M,SBD,Raw,28,24-34,24-39,Open,65.45,66,235,242.5,-250,,242.5,135,-140,-140,,135,-255,255,272.5,,272.5,650,6,512.48,513.92,499.58,101.77,Yes,Iran,,IPF,IPF,2022-06-06,South Africa,,Sun City,World Classic Powerlifting Championships,Yes
Naoki Terunuma,M,SBD,Raw,24.5,24-34,24-39,Open,82.45,83,240,250,-255,,250,160,-170,170,,170,250,267.5,-280,,267.5,687.5,16,465.87,460.73,443.32,95.49,Yes,Japan,,IPF,IPF,2022-06-06,South Africa,,Sun City,World Classic Powerlifting Championships,Yes
Eric Smulders,M,SBD,Raw,32.5,24-34,24-39,Open,65.25,66,217.5,222.5,-225,,222.5,130,135,140,,140,250,-262.5,-270,,250,612.5,9,484.02,485.50,472.03,96.06,Yes,Thailand,,IPF,IPF,2022-06-06,South Africa,,Sun City,World Classic Powerlifting Championships,Yes
Yuki Shibuya,M,SBD,Raw,36,35-39,24-39,Open,65.5,66,-240,240,247.5,,247.5,-150,150,-155,,150,220,235,-240,,235,632.5,8,498.39,499.76,485.80,98.99,Yes,Japan,,IPF,IPF,2022-06-06,South Africa,,Sun City,World Classic Powerlifting Championships,Yes
Farhanna Farid,F,SBD,Raw,29.5,24-34,24-39,Open,51.35,52,122.5,130,132.5,,132.5,60,65,-67.5,,65,190,197,200.5,,200.5,398,7,489.40,500.99,444.31,101.60,Yes,Singapore,,IPF,IPF,2022-06-06,South Africa,,Sun City,World Classic Powerlifting Championships,Yes
Clinton Lee #1,M,SBD,Raw,28.5,24-34,24-39,Open,73.65,74,247.5,260,262.5,,262.5,165,170,-172.5,,170,285,297.5,-305,,297.5,730,4,529.90,526.87,509.48,107.44,Yes,Singapore,,IPF,IPF,2022-06-06,South Africa,,Sun City,World Classic Powerlifting Championships,Yes
Mehdi Mafi Gholami,M,SBD,Raw,39.5,35-39,40-49,Open,147.2,120+,337.5,-350,355,,355,192.5,-202.5,-202.5,,192.5,315,330,-342.5,,330,877.5,7,474.29,486.81,460.94,93.80,Yes,Iran,,IPF,IPF,2022-06-06,South Africa,,Sun City,World Classic Powerlifting Championships,Yes
Mehdi Tahmasebi Boldaji,M,SBD,Raw,30.5,24-34,24-39,Open,92.65,93,-282.5,-282.5,282.5,,282.5,190,-197.5,-197.5,,190,307.5,325,330,,330,802.5,8,511.52,505.03,483.44,105.18,Yes,Iran,,IPF,IPF,2022-06-06,South Africa,,Sun City,World Classic Powerlifting Championships,Yes
Mehrdad Akbari,M,SBD,Raw,33.5,24-34,24-39,Open,99.9,105,265,-277.5,280,,280,167.5,177.5,182.5,,182.5,267.5,280,292.5,,292.5,755,15,464.92,459.67,439.04,95.42,Yes,Iran,,IPF,IPF,2022-06-06,South Africa,,Sun City,World Classic Powerlifting Championships,Yes
Meghan Scanlon,F,SBD,Raw,34,24-34,24-39,Open,61.55,63,170,180,-185,,180,125,-132.5,-132.5,,125,190,200,-205,,200,505,1,550.96,552.06,487.61,112.19,Yes,USA,,IPF,IPF,2022-06-06,South Africa,,Sun City,World Classic Powerlifting Championships,Yes
Brody Cochrane,M,SBD,Raw,30.5,24-34,24-39,Open,92,93,235,-245,245,,245,190,197.5,-205,,197.5,277.5,295,302.5,,302.5,745,21,476.50,470.44,450.45,97.98,Yes,Australia,,IPF,IPF,2022-06-06,South Africa,,Sun City,World Classic Powerlifting Championships,Yes
Viola Jokudu,F,SBD,Raw,22.5,20-23,19-23,Open,68.3,69,140,-147.5,147.5,,147.5,-85,-85,85,,85,180,192.5,-210,,192.5,425,15,435.81,430.14,379.36,88.55,Yes,Australia,,IPF,IPF,2022-06-06,South Africa,,Sun City,World Classic Powerlifting Championships,Yes
Jackie Caldona,F,SBD,Raw,32.5,24-34,24-39,Open,46.9,47,-102.5,102.5,107.5,,107.5,60,62.5,65,,65,117.5,125,-132.5,,125,297.5,8,390.51,400.72,357.27,82.64,Yes,Australia,,IPF,IPF,2022-06-06,South Africa,,Sun City,World Classic Powerlifting Championships,Yes
Tom Chaplin,M,SBD,Raw,29,24-34,24-39,Open,100.7,105,260,-270,270,,270,175,185,187.5,,187.5,275,295,300,,300,757.5,14,464.85,459.73,439.05,95.38,Yes,Australia,,IPF,IPF,2022-06-06,South Africa,,Sun City,World Classic Powerlifting Championships,Yes
Kavwa Sichone,M,SBD,Raw,32.5,24-34,24-39,Open,72.85,74,235,247.5,252.5,,252.5,167.5,-175,-175,,167.5,262.5,275,280,,280,700,8,511.78,509.21,492.63,103.61,Yes,New Zealand,,IPF,IPF,2022-06-06,South Africa,,Sun City,World Classic Powerlifting Championships,Yes
Timothy Monigatti,M,SBD,Raw,25,24-34,24-39,Open,82.4,83,-280,280,-295,,280,170,175,180,,180,305,-330,-340,,305,765,5,518.56,512.85,493.49,106.29,Yes,New Zealand,,IPF,IPF,2022-06-06,South Africa,,Sun City,World Classic Powerlifting Championships,Yes
Carolina Dillen,F,SBD,Raw,39,35-39,24-39,Open,67.7,69,145,-155,-155,,145,85,87.5,-90,,87.5,160,172.5,180,,180,412.5,16,425.14,420.12,370.58,86.38,Yes,New Zealand,,IPF,IPF,2022-06-06,South Africa,,Sun City,World Classic Powerlifting Championships,Yes
Joyce Gail Reboton,F,SBD,Raw,29.5,24-34,24-39,Open,74.35,76,200,-207.5,-207.5,,200,105,107.5,-110,,107.5,-202.5,202.5,207.5,,207.5,515,6,503.92,492.27,433.17,102.61,Yes,Philippines,,IPF,IPF,2022-06-06,South Africa,,Sun City,World Classic Powerlifting Championships,Yes
Yuki Kashima,M,SBD,Raw,25,24-34,24-39,Open,65.9,66,205,217.5,-222.5,,217.5,152.5,157.5,-162.5,,157.5,220,232.5,-240,,232.5,607.5,10,476.53,477.60,464.12,94.78,Yes,Australia,,IPF,IPF,2022-06-06,South Africa,,Sun City,World Classic Powerlifting Championships,Yes
Rachele Griffin,F,SBD,Raw,27.5,24-34,24-39,Open,67.95,69,140,150,-155,,150,82.5,87.5,-90,,87.5,170,177.5,187.5,,187.5,425,14,437.09,431.71,380.78,88.81,Yes,Australia,,IPF,IPF,2022-06-06,South Africa,,Sun City,World Classic Powerlifting Championships,Yes
Pei Boccanfuso,F,SBD,Raw,33.5,24-34,24-39,Open,50.8,52,97.5,102.5,105,,105,62.5,-67.5,67.5,,67.5,130,137.5,-150,,137.5,310,13,384.09,393.46,349.10,79.89,Yes,Australia,,IPF,IPF,2022-06-06,South Africa,,Sun City,World Classic Powerlifting Championships,Yes
Leonardo Sucitra,M,SBD,Raw,26,24-34,24-39,Open,73.6,74,250,265,-272.5,,265,147.5,152.5,155,,155,287.5,-300,-300,,287.5,707.5,6,513.79,510.88,494.03,104.16,Yes,Australia,,IPF,IPF,2022-06-06,South Africa,,Sun City,World Classic Powerlifting Championships,Yes
Chris Aslan,M,SBD,Raw,29.5,24-34,24-39,Open,104.25,105,245,255,257.5,,257.5,162.5,-167.5,-167.5,,162.5,250,-265,-265,,250,670,18,405.25,401.38,383.26,83.00,Yes,Australia,,IPF,IPF,2022-06-06,South Africa,,Sun City,World Classic Powerlifting Championships,Yes
Nicole Smith,F,SBD,Raw,28.5,24-34,24-39,Open,75.6,76,170,177.5,182.5,,182.5,102.5,-107.5,-107.5,,102.5,162.5,172.5,-177.5,,172.5,457.5,14,443.73,432.77,380.57,90.42,Yes,New Zealand,,IPF,IPF,2022-06-06,South Africa,,Sun City,World Classic Powerlifting Championships,Yes
Jonathan Cayco,M,SBD,Raw,29.5,24-34,24-39,Open,92.55,93,275,290,300,,300,222.5,232.5,238.5,,238.5,317.5,335,-350,,335,873.5,3,557.07,549.99,526.50,114.54,Yes,USA,,IPF,IPF,2022-06-06,South Africa,,Sun City,World Classic Powerlifting Championships,Yes
Joshua Wright #1,M,SBD,Raw,36,35-39,24-39,Open,71.1,74,225,235,242.5,,242.5,170,177.5,182.5,,182.5,272.5,292.5,305,,305,730,3,542.50,540.64,523.58,109.43,Yes,Germany,,IPF,IPF,2022-06-06,South Africa,,Sun City,World Classic Powerlifting Championships,Yes
Jeisson Carvalho,M,SBD,Raw,37.5,35-39,24-39,Open,118.05,120,-210,210,220,,220,170,-175,175,,175,275,287.5,300,,300,695,13,401.35,401.14,384.29,81.37,Yes,Cabo Verde,,IPF,IPF,2022-06-06,South Africa,,Sun City,World Classic Powerlifting Championships,Yes
Mostafa Hazem,M,SBD,Raw,25,24-34,24-39,Open,102.7,105,232.5,245,250,,250,182.5,-192.5,-192.5,,182.5,270,292.5,-300,,292.5,725,17,441.23,436.71,417.00,90.44,Yes,Egypt,,IPF,IPF,2022-06-06,South Africa,,Sun City,World Classic Powerlifting Championships,Yes
Antoinette Kriel,F,SBD,Raw,50.5,50-54,50-59,Open,56.6,57,115,122.5,130,,130,75,77.5,-80,,77.5,145,155,167.5,,167.5,375,11,431.62,437.56,386.95,88.43,Yes,South Africa,,IPF,IPF,2022-06-06,South Africa,,Sun City,World Classic Powerlifting Championships,Yes
Marcel Vorster,M,SBD,Raw,28,24-34,24-39,Open,65.9,66,200,210,215,,215,130,135,137.5,,137.5,200,-212.5,-212.5,,200,552.5,15,433.39,434.36,422.10,86.20,Yes,South Africa,,IPF,IPF,2022-06-06,South Africa,,Sun City,World Classic Powerlifting Championships,Yes
Sorah Garber,F,SBD,Raw,40.5,40-44,40-49,Open,59.6,63,130,140,-145,,140,-87.5,-87.5,-87.5,,,150,160,-167.5,,160,,DQ,,,,,Yes,South Africa,,IPF,IPF,2022-06-06,South Africa,,Sun City,World Classic Powerlifting Championships,Yes
Maude Mashonganyika,F,SBD,Raw,33.5,24-34,24-39,Open,68.2,69,155,160,-167.5,,160,65,67.5,-70,,67.5,170,175,-177.5,,175,402.5,17,413.08,407.79,359.66,83.94,Yes,Zimbabwe,,IPF,IPF,2022-06-06,South Africa,,Sun City,World Classic Powerlifting Championships,Yes
Daniella da Silva,F,SBD,Raw,24.5,24-34,24-39,Open,61.7,63,130,-142.5,142.5,,142.5,65,67.5,-70,,67.5,160,170,-172.5,,170,380,16,413.96,414.63,366.22,84.28,Yes,South Africa,,IPF,IPF,2022-06-06,South Africa,,Sun City,World Classic Powerlifting Championships,Yes
Juliet Molife,F,SBD,Raw,19,18-19,19-23,Open,55.25,57,-90,-90,90,,90,40,42.5,-47.5,,42.5,120,125,130,,130,262.5,17,307.01,312.14,276.18,63.06,Yes,Zimbabwe,,IPF,IPF,2022-06-06,South Africa,,Sun City,World Classic Powerlifting Championships,Yes
Tom Wewege,M,SBD,Raw,29.5,24-34,24-39,Open,104.6,105,260,280,285,,285,195,202.5,-207.5,,202.5,272.5,292.5,300,,300,787.5,13,475.67,471.21,449.95,97.40,Yes,South Africa,,IPF,IPF,2022-06-06,South Africa,,Sun City,World Classic Powerlifting Championships,Yes
Kyle Noonan,M,SBD,Raw,31,24-34,24-39,Open,147.15,120+,305,315,320,,320,205,215,-220,,215,330,-352.5,-352.5,,330,865,8,467.57,479.90,454.40,92.48,Yes,South Africa,,IPF,IPF,2022-06-06,South Africa,,Sun City,World Classic Powerlifting Championships,Yes
Alseni Abdlkaleg Fenaer,M,SBD,Raw,32.5,24-34,24-39,Open,92.65,93,-260,260,-270,,260,160,170,-177.5,,170,280,-300,-300,,280,710,23,452.56,446.82,427.71,93.05,Yes,Libya,,IPF,IPF,2022-06-06,South Africa,,Sun City,World Classic Powerlifting Championships,Yes
Eslam Salem Merwas,M,SBD,Raw,24.5,24-34,24-39,Open,118.6,120,-290,290,-315,,290,170,182.5,-185,,182.5,,,,,,,DQ,,,,,Yes,Libya,,IPF,IPF,2022-06-06,South Africa,,Sun City,World Classic Powerlifting Championships,Yes
Mohamed Sahad,M,SBD,Raw,34.5,24-34,24-39,Open,119.1,120,345,355,365,,365,200,212.5,220,,220,320,335,-345,,335,920,1,529.69,529.86,507.70,107.30,Yes,Algeria,,IPF,IPF,2022-06-06,South Africa,,Sun City,World Classic Powerlifting Championships,Yes
Noémie Allabert,F,SBD,Raw,31.5,24-34,24-39,Open,51.6,52,160,165,168,,168,77.5,-82.5,-82.5,,77.5,182.5,190,192.5,,192.5,438,1,536.76,549.29,487.04,111.34,Yes,France,,IPF,IPF,2022-06-06,South Africa,,Sun City,World Classic Powerlifting Championships,Yes
Laura de Wet,F,SBD,Raw,47.5,45-49,40-49,Open,68.1,69,130,140,-145,,140,70,-72.5,-72.5,,70,150,170,-177.5,,170,380,20,390.32,385.39,339.92,79.31,Yes,South Africa,,IPF,IPF,2022-06-06,South Africa,,Sun City,World Classic Powerlifting Championships,Yes
Giulia Muto,F,SBD,Raw,34.5,24-34,24-39,Open,51.35,52,-115,115,120,,120,70,-72.5,72.5,,72.5,120,130,-140,,130,322.5,12,396.56,405.96,360.02,82.33,Yes,South Africa,,IPF,IPF,2022-06-06,South Africa,,Sun City,World Classic Powerlifting Championships,Yes
Sasha Payne,F,SBD,Raw,27,24-34,24-39,Open,54.85,57,130,-140,-140,,130,-80,80,-82.5,,80,-130,-137.5,137.5,,137.5,347.5,13,408.41,415.57,367.76,83.97,Yes,South Africa,,IPF,IPF,2022-06-06,South Africa,,Sun City,World Classic Powerlifting Championships,Yes
Abdulla Mohamed Ahmeed Mohamed,M,SBD,Raw,33.5,24-34,24-39,Open,102.95,105,300,317.5,325,,325,190,205,210,,210,320,340,350,,350,885,4,538.06,532.61,508.56,110.28,Yes,Libya,,IPF,IPF,2022-06-06,South Africa,,Sun City,World Classic Powerlifting Championships,Yes
Amar Kanane,M,SBD,Raw,34.5,24-34,24-39,Open,92.65,93,310,322.5,-332,,322.5,170,177.5,180,,180,315,330,-342.5,,330,832.5,7,530.64,523.91,501.51,109.11,Yes,Algeria,,IPF,IPF,2022-06-06,South Africa,,Sun City,World Classic Powerlifting Championships,Yes
Ilyes Boughalem,M,SBD,Raw,35,35-39,24-39,Open,161.6,120+,335,350,360,,360,265,280,291.5,,291.5,280,300,-310,,300,951.5,2,501.71,520.85,488.23,98.27,Yes,Algeria,,IPF,IPF,2022-06-06,South Africa,,Sun City,World Classic Powerlifting Championships,Yes
Mohamed Lakehal,M,SBD,Raw,39,35-39,40-49,Open,59,59,210,215,-217.5,,215,92.5,-97.5,97.5,,97.5,210,-220,-220,,210,522.5,4,447.19,452.58,442.37,86.46,Yes,Algeria,,IPF,IPF,2022-06-06,South Africa,,Sun City,World Classic Powerlifting Championships,Yes
Marlon Daniels,M,SBD,Raw,46.5,45-49,40-49,Open,81.35,83,225,247.5,-267.5,,247.5,140,150,-155,,150,220,240,250,,250,647.5,20,442.15,437.47,421.20,90.55,Yes,South Africa,,IPF,IPF,2022-06-06,South Africa,,Sun City,World Classic Powerlifting Championships,Yes
Rubén Rodríguez Castro,M,SBD,Raw,25.5,24-34,24-39,Open,92.6,93,280,295,-297.5,,295,167.5,175,-180,,175,282.5,302.5,-322.5,,302.5,772.5,15,492.53,486.27,465.49,101.27,Yes,Spain,,IPF,IPF,2022-06-06,South Africa,,Sun City,World Classic Powerlifting Championships,Yes
Susan Elwyn,F,SBD,Raw,74,70-74,70-999,Open,46.2,47,60,70,75,,75,30,35,-37.5,,35,100,112.5,-122.5,,112.5,222.5,9,295.34,302.94,270.42,62.75,Yes,US Virgin Islands,,IPF,IPF,2022-06-06,South Africa,,Sun City,World Classic Powerlifting Championships,Yes
Kimberly Walford,F,SBD,Raw,43.5,40-44,40-49,Open,74.9,76,187.5,-192.5,-192.5,,187.5,107.5,112.5,-115,,112.5,230,237.5,242.5,,242.5,542.5,3,528.76,516.15,454.06,107.70,Yes,US Virgin Islands,,IPF,IPF,2022-06-06,South Africa,,Sun City,World Classic Powerlifting Championships,Yes
